time,voltage
0.0,-0.32948504864439254
0.0001,18.09274378286663
0.0002,29.69305063667514
0.00030000000000000003,51.96146351804704
0.0004,71.10986987875387
0.0005,92.58503043972435
0.0006000000000000001,109.243946822866
0.0007,126.07672485746853
0.0008,142.7305324679472
0.0009000000000000001,145.00541397283337
0.001,169.4658204488208
0.0011,173.2919300136134
0.0012000000000000001,182.43118511413041
0.0013000000000000002,198.02694724918294
0.0014,204.37953386323997
0.0015,207.43412983727876
0.0016,225.13985758129246
0.0017000000000000001,223.3887855844788
0.0018000000000000002,238.51910798734454
0.0019,231.14004200549633
0.002,239.83361859099276
0.0021000000000000003,244.51767510588363
0.0022,241.9559580625776
0.0023,250.80877887237273
0.0024000000000000002,252.8010685220089
0.0025,251.61913504096972
0.0026000000000000003,264.75499195985213
0.0027,269.7853480585908
0.0028,260.16278034497395
0.0029000000000000002,267.77063802237984
0.003,264.61438356220066
0.0031000000000000003,287.0163242327391
0.0032,284.34554782044074
0.0033,296.7953096113
0.0034000000000000002,301.0769863059236
0.0035,301.086904859407
0.0036000000000000003,300.684779544005
0.0037,311.697600699984
0.0038,308.77498338046587
0.0039000000000000003,306.78738200574094
0.004,317.75218386735753
0.0041,304.20259712547426
0.004200000000000001,311.64114706945566
0.0043,320.79555655535256
0.0044,305.49323115998385
0.0045000000000000005,305.12156289122396
0.0046,308.3155429737616
0.0047,308.42514985022234
0.0048000000000000004,291.87679620862144
0.0049,300.5602051183752
0.005,293.07585584125064
0.0051,288.22584014881016
0.005200000000000001,283.7687830569207
0.0053,275.17376161266446
0.0054,267.0474467108345
0.0055000000000000005,268.9504146200662
0.0056,267.6760349587561
0.0057,261.4504743565178
0.0058000000000000005,263.3882860977043
0.0059,255.3501697401564
0.006,260.2739567909
0.0061,244.325867848875
0.006200000000000001,239.63512160561717
0.0063,235.41961145480664
0.0064,232.1279991418917
0.006500000000000001,222.33137618791824
0.0066,225.4494423924215
0.0067,220.95311576708522
0.0068000000000000005,220.21223654457458
0.006900000000000001,205.53037621070018
0.007,197.498838382441
0.0071,186.32940169567587
0.007200000000000001,177.57115994032537
0.0073,168.74755894021197
0.0074,156.33790515481064
0.007500000000000001,153.15248346970407
0.0076,130.93229518342005
0.0077,111.21039913015785
0.0078000000000000005,91.20579423611865
0.0079,77.14403656869564
0.008,72.08809254496066
0.0081,44.08304172236088
0.0082,29.844094233053443
0.0083,4.182030229511682
0.008400000000000001,-9.818559366498189
0.0085,-31.986912050178283
0.0086,-45.39942256588892
0.008700000000000001,-72.06690240292625
0.0088,-85.009901359955
0.0089,-110.35947625909586
0.009000000000000001,-118.69219564805638
0.0091,-141.04899725631304
0.0092,-149.5064570163171
0.009300000000000001,-155.81644837784253
0.0094,-180.95219509707746
0.0095,-180.5476346642069
0.009600000000000001,-194.58247727422844
0.0097,-200.2522797820205
0.0098,-210.18227166608636
0.0099,-223.42542612620073
0.01,-222.40700732444301
0.010100000000000001,-223.6638464060262
0.0102,-232.36278571291106
0.0103,-234.6799548631845
0.010400000000000001,-238.86343221469434
0.0105,-246.7876198088457
0.0106,-258.611983767643
0.010700000000000001,-250.61682320189382
0.0108,-255.42137154261187
0.0109,-249.0081406898526
0.011000000000000001,-264.6444349585823
0.0111,-263.7667099448586
0.0112,-269.06327397028247
0.011300000000000001,-277.6683592339056
0.0114,-279.52133620366175
0.0115,-282.2895314940736
0.011600000000000001,-280.49346105579576
0.0117,-292.77720286667596
0.0118,-290.9046716780174
0.0119,-303.7378990735908
0.012,-293.295517590353
0.012100000000000001,-304.1059969387882
0.0122,-298.17981015434407
0.0123,-315.5355932356867
0.012400000000000001,-306.5840647916234
0.0125,-309.5392117367159
0.0126,-307.78937074388415
0.012700000000000001,-305.6925621099388
0.0128,-300.5236838551686
0.0129,-302.913856941821
0.013000000000000001,-303.3891435170495
0.0131,-306.2487959774692
0.0132,-287.1857087006383
0.013300000000000001,-287.73179923154646
0.0134,-276.0708511859872
0.0135,-284.24841202254424
0.013600000000000001,-277.4956421850498
0.0137,-278.6624954476309
0.013800000000000002,-272.5735612342923
0.013900000000000001,-266.4048504575767
0.014,-255.88547812034656
0.014100000000000001,-257.4068510063314
0.0142,-250.72979607304512
0.0143,-252.12085356872805
0.014400000000000001,-244.9781911216586
0.0145,-242.60724893708334
0.0146,-241.10101845178164
0.014700000000000001,-241.87286181923577
0.0148,-237.30414603362536
0.0149,-229.85645287117646
0.015000000000000001,-218.85765793839562
0.0151,-219.07368749293303
0.0152,-211.79482077815055
0.015300000000000001,-199.14357712828232
0.0154,-190.44260895908565
0.0155,-186.41839352875013
0.015600000000000001,-169.6452065578214
0.015700000000000002,-164.21725819347338
0.0158,-149.72526188271993
0.0159,-134.93707001372857
0.016,-110.4380141777594
0.0161,-104.27882862303032
0.0162,-83.34321534269768
0.016300000000000002,-70.63140701416619
0.0164,-51.83209408845634
0.0165,-28.852667004543985
0.0166,-19.04745156503112
0.0167,2.8654575011283288
0.016800000000000002,37.80862482159853
0.016900000000000002,47.84556356064091
0.017,56.59949103405382
0.0171,88.61753774542511
0.0172,101.94833199898402
0.0173,107.73994444848407
0.017400000000000002,126.11143266160923
0.0175,136.0682429054485
0.0176,148.19327381876198
0.0177,167.59401905883135
0.0178,177.51287429694457
0.0179,188.7971702311523
0.018000000000000002,195.70622903882676
0.0181,201.04050792782567
0.0182,217.86042047629425
0.0183,212.00083878000135
0.0184,227.30561290840214
0.018500000000000003,234.72998267332116
0.018600000000000002,234.54252526292964
0.0187,240.3113339398291
0.0188,245.62764027902148
0.0189,250.50774855628794
0.019,254.0385164157369
0.019100000000000002,254.56320383100035
0.019200000000000002,271.6188856213592
0.0193,254.5926251866739
0.0194,269.8035946003381
0.0195,269.2352716450307
0.0196,280.06891751247844
0.019700000000000002,285.39651108470775
0.0198,283.3051795598189
0.0199,291.3964799746214
0.02,289.8202505053982
0.0201,285.0269421942433
0.020200000000000003,294.6680009155137
0.020300000000000002,293.1414291348291
0.0204,304.4498348530005
0.0205,305.43206640596094
0.0206,304.5932002152483
0.0207,311.03665081594295
0.020800000000000003,300.6829181649392
0.020900000000000002,302.89918040500845
0.021,314.60051015089533
0.0211,302.23899753822445
0.0212,307.3549897358552
0.0213,314.39344001752494
0.021400000000000002,306.24538966773196
0.021500000000000002,300.0386965301314
0.0216,290.11300035732893
0.0217,292.5276500046876
0.0218,279.6915879420499
0.0219,277.85288658810816
0.022000000000000002,286.8189294365161
0.0221,273.2623220748552
0.0222,266.7431137932815
0.0223,259.99093929550133
0.0224,263.28269933466976
0.022500000000000003,258.8314607343435
0.022600000000000002,242.24543325570278
0.0227,252.6226601588272
0.0228,246.2111984832974
0.0229,242.89625989087224
0.023,230.28744842334874
0.023100000000000002,232.91326500610248
0.023200000000000002,235.37670401787173
0.0233,221.75249563502734
0.0234,213.90548057881466
0.0235,210.9145887505257
0.0236,205.35170063116095
0.023700000000000002,200.74325094001608
0.0238,192.01587499366184
0.0239,175.37255379435328
0.024,163.39373204441543
0.0241,143.87185487002793
0.024200000000000003,133.4362097045092
0.024300000000000002,131.89605000490178
0.0244,99.01783010809223
0.0245,90.3387359476338
0.0246,74.48772467198404
0.0247,56.80284005391015
0.024800000000000003,30.814811450947566
0.024900000000000002,16.26215620938938
0.025,0.40422095483231013
0.0251,-25.384072704670825
0.0252,-36.14906942996364
0.0253,-55.25256156565358
0.025400000000000002,-72.06709743184129
0.025500000000000002,-95.15022408113873
0.0256,-99.34949061139865
0.0257,-127.37382303821646
0.0258,-143.49600288538883
0.025900000000000003,-145.1261713478531
0.026000000000000002,-170.53605408996447
0.0261,-183.45153012486415
0.0262,-183.58125364593147
0.0263,-197.86055159942237
0.0264,-207.61570124070514
0.026500000000000003,-203.71785552039347
0.026600000000000002,-222.9762941778047
0.0267,-225.04197887108367
0.0268,-232.4239864910171
0.0269,-241.84891790446585
0.027,-234.7827433300711
0.027100000000000003,-242.31013426296212
0.027200000000000002,-252.25894950507495
0.0273,-250.12459196647842
0.0274,-256.82141337143247
0.0275,-262.91767671656487
0.027600000000000003,-267.51461425762545
0.027700000000000002,-269.0588688728056
0.027800000000000002,-266.92971744866645
0.0279,-264.07693928951096
0.028,-267.0247929601603
0.0281,-285.81712189815426
0.028200000000000003,-287.27973481350165
0.028300000000000002,-289.0790284302602
0.0284,-287.74698662657596
0.0285,-286.13761758118716
0.0286,-299.2599410605541
0.0287,-304.5224565422857
0.028800000000000003,-309.5052479827739
0.028900000000000002,-307.3858995513928
0.029,-305.5860593270686
0.0291,-315.43111973200695
0.0292,-304.21673680996633
0.029300000000000003,-308.0251308342471
0.029400000000000003,-312.0824985570206
0.029500000000000002,-313.1068727634189
0.0296,-305.61804552258235
0.0297,-298.50174812806745
0.0298,-293.0276681004994
0.029900000000000003,-295.66178805958464
0.030000000000000002,-290.30197973962584
0.030100000000000002,-287.17289772799694
0.0302,-286.98534789442687
0.0303,-273.9899435951211
0.0304,-282.41838582862056
0.030500000000000003,-273.23075444183684
0.030600000000000002,-265.0782892125909
0.0307,-256.75475098262035
0.0308,-256.79435252622517
0.0309,-260.5644421858874
0.031,-246.20979726703808
0.031100000000000003,-249.10973794556082
0.031200000000000002,-242.60880006666147
0.0313,-248.19885127081977
0.031400000000000004,-234.62108244018464
0.0315,-228.20802023348287
0.0316,-233.9922007531177
0.0317,-218.45291261717577
0.0318,-209.28031403223608
0.031900000000000005,-201.52932930022314
0.032,-209.42831819862857
0.032100000000000004,-194.08161059718688
0.0322,-178.07552172942988
0.0323,-164.6261555163243
0.0324,-154.88795331267897
0.0325,-142.8973774919505
0.032600000000000004,-132.34732747435447
0.0327,-111.06482812748783
0.0328,-94.15844671087686
0.0329,-73.10508410173878
0.033,-65.91864876508164
0.033100000000000004,-40.88082272279758
0.0332,-13.432240697711661
0.0333,-4.353775256528882
0.0334,22.225066587365536
0.0335,29.618016051837607
0.033600000000000005,52.755199176444144
0.0337,66.81020515694469
0.033800000000000004,89.44715297192818
0.0339,99.88782289973082
0.034,112.16966109443605
0.0341,132.84246273534285
0.0342,148.0299126152595
0.034300000000000004,152.4186853996279
0.0344,169.1312281734525
0.0345,184.82370468464998
0.0346,198.1961614950539
0.0347,199.8973842330344
0.034800000000000005,208.52523730527759
0.0349,210.48095262818416
0.035,225.6708876099987
0.0351,230.32711486428056
0.0352,234.73182537550878
0.035300000000000005,233.45861724032554
0.0354,244.95830887216323
0.035500000000000004,249.57651637270945
0.0356,246.75155335442057
0.0357,253.7423266799549
0.0358,255.98890373122256
0.0359,262.362774462993
0.036000000000000004,257.32490802925633
0.0361,276.7761900162797
0.0362,265.6000774883671
0.0363,273.38859501946365
0.0364,280.5818376714866
0.036500000000000005,285.13330101994273
0.0366,289.11772700109924
0.0367,283.7646988314345
0.0368,301.9667629068604
0.0369,299.28039886409493
0.037000000000000005,301.91799522071057
0.0371,303.6256594548718
0.037200000000000004,322.6308263904332
0.0373,311.084273363695
0.0374,310.78068822553377
0.0375,307.2805464443538
0.0376,303.27156910471103
0.037700000000000004,303.3589208940247
0.0378,301.033865149427
0.0379,299.9895280678825
0.038,307.8639943055425
0.0381,301.7611535488282
0.038200000000000005,289.1605943123957
0.0383,292.70109441272393
0.038400000000000004,287.8363775286643
0.0385,281.7729282621313
0.0386,279.47411329304316
0.038700000000000005,274.151176227339
0.0388,265.05262565175445
0.038900000000000004,270.26545227583625
0.039,257.96622496720914
0.0391,269.54573167826834
0.0392,255.93142309051547
0.0393,257.0958256081815
0.039400000000000004,259.4751637364034
0.0395,231.328709955215
0.0396,234.64564664894638
0.0397,234.5098317087313
0.0398,228.34628188920595
0.039900000000000005,224.1664942477715
0.04,219.9151430101378
0.040100000000000004,222.83809728280914
0.0402,208.27953830259673
0.0403,193.9051296176097
0.040400000000000005,194.14039902570906
0.0405,184.9473698920766
0.040600000000000004,181.96493306901445
0.0407,161.09163006639523
0.0408,154.13353002562582
0.0409,140.98656066221508
0.041,122.02390666153414
0.041100000000000005,92.52275539500293
0.0412,88.13967866803412
0.0413,64.66964594753411
0.0414,46.68619072889359
0.0415,32.21054797481071
0.041600000000000005,16.55222231681465
0.0417,-4.148827909105769
0.041800000000000004,-16.543810599197244
0.0419,-40.815697332498104
0.042,-65.3148921502331
0.042100000000000005,-84.94833028292845
0.0422,-89.8481893373842
0.042300000000000004,-111.40007402912484
0.0424,-125.86284272882565
0.0425,-134.77953551285304
0.0426,-155.3142805606243
0.0427,-162.0409260445075
0.042800000000000005,-177.23277369213292
0.0429,-189.98348610885253
0.043000000000000003,-191.94685076765577
0.0431,-207.02661351149385
0.0432,-205.51443060517622
0.043300000000000005,-215.62765968297035
0.0434,-227.82674021680148
0.043500000000000004,-234.53260110352852
0.0436,-237.79202915551335
0.0437,-235.42774307560734
0.0438,-246.48322457524895
0.0439,-249.44674379238143
0.044000000000000004,-250.52654007698285
0.0441,-258.35472183059545
0.0442,-260.485104785057
0.0443,-262.72891467235337
0.0444,-269.5168088643643
0.044500000000000005,-266.7329242602628
0.0446,-274.9732036069491
0.044700000000000004,-281.4246431634059
0.0448,-276.8558356368511
0.0449,-278.2228092828059
0.045000000000000005,-292.73524559107545
0.0451,-286.5344239469162
0.045200000000000004,-296.3105462411709
0.0453,-305.1889614431555
0.0454,-312.45151727260463
0.0455,-295.5748263321317
0.0456,-299.61038166424873
0.045700000000000005,-312.08018459626675
0.0458,-308.6908670504125
0.0459,-312.57849415792833
0.046,-297.4134483118676
0.0461,-309.9369798443341
0.046200000000000005,-305.29598567443446
0.0463,-295.41803021604136
0.046400000000000004,-307.48634229610707
0.0465,-291.8849604579692
0.0466,-285.63879719020423
0.046700000000000005,-285.2377830607137
0.0468,-280.4014834687155
0.046900000000000004,-286.8815873767332
0.047,-279.1211749373081
0.0471,-274.46049044510863
0.0472,-267.9866864860114
0.0473,-267.37569712572457
0.047400000000000005,-257.4115974279299
0.0475,-247.06638884578396
0.0476,-254.38532304079814
0.0477,-246.32843930338132
0.0478,-254.44306135676038
0.047900000000000005,-237.57424564900936
0.048,-232.13924273910365
0.048100000000000004,-241.71694741982532
0.0482,-232.27170904604105
0.0483,-222.54589853009264
0.048400000000000006,-216.26667244893883
0.0485,-203.7417959875332
0.048600000000000004,-204.24497162749023
0.0487,-207.1135937072211
0.0488,-191.34254383134603
0.0489,-183.27075605324885
0.049,-152.36793278171376
0.049100000000000005,-152.2688354814758
0.0492,-138.03818482093808
0.049300000000000004,-120.12392706965048
0.0494,-111.9545980371407
0.0495,-91.27894998295329
0.049600000000000005,-75.57418458694193
0.0497,-55.02653379148077
0.049800000000000004,-52.35940978773077
0.0499,-23.412171690742518
0.05,1.813270899793755
0.050100000000000006,24.009379398025004
0.0502,44.17026203139721
0.050300000000000004,62.027015634823535
0.0504,74.6949067536159
0.0505,96.80481022035903
0.0506,113.08950287745199
0.0507,121.88965601283707
0.050800000000000005,143.0989744908326
0.0509,151.46603454483272
0.051000000000000004,166.31001109694762
0.0511,179.2968776063826
0.0512,183.40527038867347
0.051300000000000005,203.26662329376404
0.0514,202.44959882237114
0.051500000000000004,211.34689563819202
0.0516,221.4910967333622
0.0517,227.07853928399084
0.051800000000000006,231.5363484473038
0.0519,229.38443439783978
0.052000000000000005,235.83697230354167
0.0521,243.79466589077288
0.0522,246.57613181066006
0.0523,250.81954342194152
0.0524,252.7708407829873
0.052500000000000005,267.56174228587486
0.0526,266.7597370140011
0.052700000000000004,268.2193210749329
0.0528,269.09434536984605
0.0529,273.6011338195593
0.053000000000000005,274.72964678035555
0.0531,277.26900765335324
0.053200000000000004,291.19834481086
0.0533,293.33627917011734
0.0534,294.37702882771123
0.053500000000000006,304.83485911634915
0.0536,300.1961718207777
0.053700000000000005,299.56594200236987
0.0538,296.18527480511574
0.0539,298.63174493791036
0.054,309.7199064114864
0.0541,310.32169054705616
0.054200000000000005,317.17151359114536
0.0543,307.470589190497
0.054400000000000004,307.0610334394498
0.0545,304.4873517739665
0.0546,303.58961143511345
0.054700000000000006,299.85562575647873
0.0548,295.05742337380815
0.054900000000000004,292.46220054346907
0.055,297.50164027319164
0.0551,288.86833093312094
0.055200000000000006,274.122285913846
0.0553,282.14659669297106
0.055400000000000005,272.9806561871159
0.0555,267.96383751696607
0.055600000000000004,265.70238638403276
0.0557,254.55568754836307
0.0558,248.17411565554224
0.055900000000000005,250.66920502564128
0.056,246.69002147429353
0.056100000000000004,244.12279670406292
0.0562,245.23538163451394
0.0563,237.87606889852412
0.056400000000000006,233.27405910338263
0.0565,233.24294258810644
0.056600000000000004,226.798480186646
0.0567,211.0378497753535
0.0568,214.21208231298806
0.056900000000000006,193.83613070953294
0.057,206.0564723755568
0.057100000000000005,190.9242370971043
0.0572,174.1906295416882
0.057300000000000004,160.8537543000429
0.0574,157.05802091780234
0.0575,151.34614642753965
0.057600000000000005,128.18129625328336
0.0577,115.76097339906443
0.057800000000000004,95.86159831529405
0.0579,74.73219219876775
0.058,69.64394347272686
0.058100000000000006,43.546066991383796
0.0582,25.517224591747638
0.058300000000000005,5.937431470871818
0.0584,-9.6433972547824
0.0585,-22.81119489142657
0.058600000000000006,-52.59472237221196
0.0587,-73.29979855624114
0.058800000000000005,-86.87649404839743
0.0589,-103.311389733463
0.059000000000000004,-115.14633845612333
0.0591,-132.2489549209235
0.0592,-146.18449240124002
0.059300000000000005,-164.09588100731267
0.0594,-178.04635583117823
0.059500000000000004,-193.7818822272322
0.0596,-199.1305046193063
0.0597,-195.17805801046967
0.059800000000000006,-219.7552717619766
0.0599,-210.23849159987466
0.060000000000000005,-224.67555107233488
0.0601,-226.02526578736135
0.060200000000000004,-228.66872738667195
0.0603,-229.6766322115077
0.0604,-239.42384991064384
0.060500000000000005,-243.20095790717855
0.0606,-256.16098930210666
0.060700000000000004,-247.11889085605097
0.0608,-248.0823533885162
0.0609,-253.20016164914324
0.061000000000000006,-268.1501597321634
0.0611,-262.35949229156915
0.061200000000000004,-260.8617891816156
0.0613,-288.96310852750076
0.0614,-276.70520560620037
0.061500000000000006,-279.00619837365485
0.0616,-288.045631628974
0.061700000000000005,-289.0741149779647
0.0618,-298.5493383546788
0.061900000000000004,-298.68401300820216
0.062,-300.0132554079123
0.0621,-300.68646908063
0.062200000000000005,-306.6466936163642
0.0623,-316.2227303129585
0.062400000000000004,-304.7124565076385
0.0625,-309.69736995423557
0.0626,-314.0341414348486
0.0627,-307.4731618010875
0.06280000000000001,-304.02144138258103
0.0629,-296.7364838969533
0.063,-304.53037001716024
0.0631,-301.61375659486157
0.0632,-290.1842565867325
0.06330000000000001,-297.9066192290828
0.0634,-292.79139738847584
0.0635,-285.35324001368497
0.0636,-277.49767707245195
0.0637,-279.3786238243281
0.06380000000000001,-275.9596116777315
0.0639,-275.6262631674397
0.064,-273.4987675864618
0.0641,-252.75739538188597
0.06420000000000001,-258.6449879708638
0.06430000000000001,-256.25711934091856
0.0644,-246.35153092398582
0.0645,-244.98053165607948
0.0646,-238.52952217225183
0.06470000000000001,-248.6621610736946
0.0648,-234.2534346063527
0.0649,-229.54311287748152
0.065,-225.43901373391998
0.0651,-212.50262818285069
0.06520000000000001,-204.82606419163025
0.0653,-192.60102259025382
0.0654,-191.36072171361175
0.0655,-184.96906755673325
0.0656,-164.93541047219185
0.06570000000000001,-161.00875588872495
0.0658,-147.10076074524855
0.0659,-135.1417011595944
0.066,-120.93298485165695
0.0661,-97.43500902885341
0.06620000000000001,-84.54418813597577
0.0663,-68.40262694025296
0.0664,-46.64322875377948
0.0665,-33.45743455897232
0.0666,-5.823275488128954
0.06670000000000001,2.1495703152559447
0.0668,34.629876743414535
0.0669,49.749863964406046
0.067,70.41916315609572
0.0671,79.16378911170173
0.06720000000000001,101.96027219940186
0.0673,109.7771248498012
0.0674,128.21618782148397
0.0675,139.068138919789
0.06760000000000001,160.74240412155524
0.06770000000000001,168.41813993231574
0.0678,177.64415375446004
0.0679,180.84112680538064
0.068,191.93326225297753
0.06810000000000001,208.06587786118502
0.0682,214.98762039110375
0.0683,226.0533038054344
0.0684,233.40531529477195
0.0685,234.00860238898173
0.06860000000000001,234.35237218073772
0.0687,235.27845259300597
0.0688,245.1929203843827
0.0689,236.39145737876729
0.069,248.68204803849846
0.06910000000000001,260.73825067951424
0.0692,260.67736686506345
0.0693,255.27563970262716
0.0694,272.09489275085645
0.0695,266.77736399692355
0.06960000000000001,284.1780004857121
0.0697,277.0342574459975
0.0698,284.2687847391911
0.0699,285.1435282674732
0.07,283.625444374893
0.07010000000000001,298.23704274739
0.0702,300.3228051178447
0.0703,297.7394311234331
0.0704,304.8782195292905
0.07050000000000001,303.9385645488623
0.07060000000000001,310.96859238696123
0.0707,318.59016990826825
0.0708,310.56174082869194
0.0709,305.0128812783978
0.07100000000000001,308.9844654836141
0.0711,299.234044554567
0.0712,312.27895941653725
0.0713,304.32739145893595
0.0714,308.1279833220757
0.07150000000000001,300.95660001580774
0.0716,295.9826007964078
0.0717,282.401137899864
0.0718,276.2000118876147
0.0719,277.7272215899593
0.07200000000000001,274.4349411523025
0.0721,275.54685988576904
0.0722,274.6362871511138
0.0723,268.55806706983964
0.0724,258.8460776270737
0.07250000000000001,250.91675097684745
0.0726,251.48616307333373
0.0727,246.73040047224382
0.0728,250.00526804073306
0.0729,248.96446065274782
0.07300000000000001,236.89913037156637
0.0731,236.6065275467547
0.0732,230.59805280217523
0.0733,227.8741665599224
0.0734,208.1122886335973
0.07350000000000001,216.86631635021595
0.0736,206.0074875363843
0.0737,195.1838834003139
0.0738,192.92664382838709
0.07390000000000001,182.27572173187676
0.07400000000000001,165.4976690206727
0.0741,153.33894463615127
0.0742,134.01691617137416
0.0743,121.2333155560293
0.07440000000000001,108.15593013473168
0.0745,101.91708445388812
0.0746,73.02542624772649
0.0747,50.0662151247435
0.0748,24.953310181893972
0.07490000000000001,12.637814213072353
0.075,2.7064958482404924
0.0751,-21.59749243647493
0.0752,-37.043011691037364
0.0753,-60.150127434369864
0.07540000000000001,-73.69129374740643
0.0755,-84.94828297046945
0.0756,-105.38053155131546
0.0757,-127.6380428857426
0.0758,-137.41600976027465
0.07590000000000001,-161.20233743851588
0.076,-165.34756618928103
0.0761,-178.80211356239283
0.0762,-183.13080747352797
0.0763,-196.64289152626813
0.07640000000000001,-201.2960494560372
0.0765,-222.83468642141108
0.0766,-220.19685306288392
0.0767,-227.34996807130162
0.07680000000000001,-220.59126346193034
0.07690000000000001,-239.56032405241803
0.077,-229.21642318597523
0.0771,-234.39979610780853
0.0772,-239.53966808814067
0.07730000000000001,-255.01018029356734
0.07740000000000001,-255.56832754124216
0.0775,-256.45212874386107
0.0776,-256.21322396381015
0.0777,-263.4981815625339
0.07780000000000001,-271.50394281815335
0.0779,-272.6396232550399
0.078,-267.6210698406511
0.0781,-279.8020204071278
0.0782,-284.23532486404395
0.07830000000000001,-294.36200587014343
0.0784,-292.8611357872636
0.0785,-293.3956816760114
0.0786,-302.4157509688856
0.0787,-301.8916668940966
0.07880000000000001,-302.3801380290438
0.0789,-301.75005540720366
0.079,-308.38232769661965
0.0791,-314.61608739213096
0.0792,-309.8901043444595
0.07930000000000001,-306.4770132318752
0.0794,-304.0865444572368
0.0795,-308.2234599955617
0.0796,-299.5344285305869
0.07970000000000001,-298.0922795478101
0.07980000000000001,-288.83741611099015
0.0799,-299.2837438875053
0.08,-291.3449511591155
0.0801,-288.60601036048496
0.08020000000000001,-285.8720466795824
0.08030000000000001,-286.6417068616896
0.0804,-271.0016601814251
0.0805,-260.54142905533223
0.0806,-273.6423158599963
0.08070000000000001,-264.7608730346467
0.08080000000000001,-253.46855762938551
0.0809,-256.6253734518352
0.081,-246.95925101328848
0.0811,-249.77667116850344
0.08120000000000001,-241.990561130984
0.0813,-243.19665886799385
0.0814,-234.30492042400056
0.0815,-230.26951550028912
0.0816,-220.29697366074836
0.08170000000000001,-217.12734494320688
0.0818,-204.78831319803533
0.0819,-213.52635386783913
0.082,-201.53499697026106
0.0821,-194.57043434954676
0.08220000000000001,-186.85095693395292
0.0823,-177.90589613318144
0.0824,-145.10679312746518
0.0825,-145.2251289126743
0.0826,-127.87885942219272
0.08270000000000001,-116.61464671792811
0.0828,-92.66058641047555
0.0829,-68.72384830269928
0.083,-66.33774766486368
0.08310000000000001,-49.9939860792956
0.08320000000000001,-31.844008988501102
0.0833,1.1618148579096568
0.0834,15.28142627565101
0.0835,21.05193448182456
0.08360000000000001,49.765589200959326
0.08370000000000001,65.2082184301691
0.0838,90.98932708552852
0.0839,97.43749449868164
0.084,118.76928032221214
0.08410000000000001,128.6539254455163
0.08420000000000001,156.4892728458107
0.0843,160.7513528039912
0.0844,177.8931630756458
0.0845,190.98666607517833
0.08460000000000001,188.35361005014485
0.0847,201.87461130303618
0.0848,191.22781643840642
0.0849,213.48793953781873
0.085,219.42225560967066
0.08510000000000001,226.2781490467003
0.0852,234.43083431629412
0.0853,224.3458003964184
0.0854,241.3064993665164
0.0855,242.28284960253944
0.08560000000000001,246.8038471508955
0.0857,252.33539625532035
0.0858,262.7088235493929
0.0859,266.5921899607248
0.08600000000000001,262.05963890926245
0.08610000000000001,272.25125589449755
0.0862,266.81034896257177
0.0863,267.04254859068226
0.0864,276.7510914672357
0.08650000000000001,284.0950556653575
0.08660000000000001,276.5719486207144
0.0867,296.26928089520936
0.0868,302.2995401754057
0.0869,303.168700415983
0.08700000000000001,296.881027440598
0.08710000000000001,307.20629422016134
0.0872,300.36785090615837
0.0873,311.0966098536422
0.0874,314.5466869735805
0.08750000000000001,310.8020136626942
0.0876,309.6278482568613
0.0877,308.28708529427576
0.0878,304.02873355572837
0.0879,306.6633279484503
0.08800000000000001,297.4951151145004
0.0881,303.86627400663116
0.0882,301.4198385863113
0.0883,285.7713933297308
0.0884,281.42699897011823
0.08850000000000001,281.2720404389335
0.0886,279.97580376413805
0.0887,270.45836115260903
0.0888,280.0046525029482
0.0889,260.3911817730298
0.08900000000000001,259.7846712343029
0.0891,262.9502887832932
0.0892,259.4772305963102
0.0893,252.69643568817156
0.08940000000000001,250.66009499356812
0.08950000000000001,241.08960179704084
0.0896,243.42034410482012
0.0897,232.28090994401353
0.0898,229.6288900776493
0.08990000000000001,221.98417654189151
0.09000000000000001,214.66682215323027
0.0901,218.03404509630604
0.0902,209.83476999867992
0.0903,200.64145542166645
0.09040000000000001,190.79055145186737
0.09050000000000001,181.3864055898628
0.0906,176.70913604066163
0.0907,163.41747995722153
0.0908,151.23939594263192
0.09090000000000001,119.31651409759132
0.091,122.21581030979323
0.0911,110.43343101378605
0.0912,91.65749062451232
0.0913,75.36920172896806
0.09140000000000001,54.04610724746866
0.0915,27.869396815795593
0.0916,14.253434671463888
0.0917,-3.5918070887177707
0.0918,-24.200244787719466
0.09190000000000001,-47.98791029849341
0.092,-74.00235450246214
0.0921,-78.15215312945271
0.0922,-104.51172956193591
0.09230000000000001,-111.792702815637
0.09240000000000001,-133.34784417820882
0.0925,-136.22700109760672
0.0926,-157.4951196827333
0.0927,-160.84007124862754
0.09280000000000001,-183.83985067283126
0.09290000000000001,-189.06703957101277
0.093,-195.931441855647
0.0931,-201.1663415353123
0.0932,-217.49057884106247
0.09330000000000001,-230.09838279290523
0.09340000000000001,-222.2238569329195
0.0935,-228.66408702603078
0.0936,-229.68127361530145
0.0937,-230.53807812596784
0.09380000000000001,-236.31533520337612
0.09390000000000001,-249.78679634991786
0.094,-250.92398268269233
0.0941,-255.94797558090312
0.0942,-256.5297911562708
0.09430000000000001,-256.73843238941555
0.0944,-265.9688130727367
0.0945,-265.67944150130353
0.0946,-285.47796117208816
0.0947,-287.78222300440206
0.09480000000000001,-284.10867310690145
0.0949,-289.89624338340474
0.095,-295.4237134627653
0.0951,-298.61987265544093
0.0952,-299.47735020415956
0.09530000000000001,-301.7430380164534
0.0954,-306.4399728868131
0.0955,-306.89733580501985
0.0956,-301.3017048135431
0.09570000000000001,-296.8793363790661
0.09580000000000001,-305.080207586483
0.0959,-298.81181135054857
0.096,-313.1887080404119
0.0961,-298.88930178581296
0.09620000000000001,-314.87990600804585
0.09630000000000001,-318.655407819208
0.0964,-295.0930422028364
0.0965,-291.1071861950024
0.0966,-293.79854818132844
0.09670000000000001,-288.76623039487055
0.09680000000000001,-287.0094911252217
0.0969,-278.3829971335472
0.097,-277.2115359185699
0.0971,-272.6052251512386
0.09720000000000001,-262.1658397579959
0.09730000000000001,-265.8002302182579
0.0974,-269.08591568236386
0.0975,-247.38419874727512
0.0976,-251.1363695589908
0.09770000000000001,-252.93018575450026
0.0978,-242.2983716492696
0.0979,-238.43812261307457
0.098,-242.4864090550795
0.0981,-232.9826937862867
0.09820000000000001,-223.60564513373288
0.0983,-222.989466518687
0.0984,-215.11503561367545
0.0985,-213.5300813435948
0.09860000000000001,-200.95518712675513
0.09870000000000001,-199.6747505384566
0.0988,-183.25375286149915
0.0989,-182.19362962417415
0.099,-159.22321934807616
0.09910000000000001,-157.82232046872053
0.09920000000000001,-134.98955617995063
0.0993,-122.5454799701077
0.0994,-114.62427216518847
0.0995,-91.97256947753061
0.09960000000000001,-71.57276733728831
0.09970000000000001,-52.19124928786202
0.0998,-31.87939902681004
0.0999,-28.437849753758915
0.1,-1.2396605341834137
0.10010000000000001,12.335852215593963
0.10020000000000001,33.58303578195688
0.1003,54.913117072178295
0.1004,66.35566677988821
0.1005,89.32770527495676
0.10060000000000001,111.05998585046514
0.10070000000000001,120.59580369727568
0.1008,132.0125787272361
0.1009,150.71081563367648
0.101,164.7174304061703
0.10110000000000001,170.44081518209174
0.1012,189.32305079887618
0.1013,197.7468756376696
0.1014,208.6099890182512
0.1015,213.8072252960932
0.10160000000000001,224.91457117586054
0.1017,218.46967296387396
0.1018,229.69296491799457
0.1019,238.82223896962452
0.10200000000000001,233.63227109473934
0.10210000000000001,240.72774646960735
0.1022,252.70032085884787
0.1023,259.4841732183523
0.1024,249.05068450204814
0.10250000000000001,258.8533366024871
0.10260000000000001,255.64028092816787
0.1027,267.8437563779671
0.1028,267.3831593760234
0.1029,272.6852872416373
0.10300000000000001,272.686582024226
0.10310000000000001,288.2491275627649
0.1032,276.7485517385934
0.1033,275.68806443598936
0.1034,295.79558282916634
0.10350000000000001,300.0014073608456
0.10360000000000001,294.4219005216379
0.1037,306.04973988420625
0.1038,306.7891527290171
0.1039,305.6517693855654
0.10400000000000001,313.4826556600569
0.1041,309.34782051699693
0.1042,314.4175056350575
0.1043,307.59590370033493
0.1044,298.87426269011223
0.10450000000000001,302.40416460096947
0.1046,306.5165971068605
0.1047,301.1506389759098
0.1048,294.8917467107377
0.10490000000000001,295.8401845412187
0.10500000000000001,286.1678456576594
0.1051,281.85287319554044
0.1052,286.07914364314024
0.1053,272.3467127129103
0.10540000000000001,272.2605044636132
0.10550000000000001,270.70912205362
0.1056,264.90321548138064
0.1057,257.3828823661583
0.1058,254.76806476033465
0.10590000000000001,253.3070816255036
0.10600000000000001,259.6013392930346
0.1061,238.26746302589495
0.1062,238.3549938053126
0.1063,241.3426196115199
0.10640000000000001,239.94517731893697
0.10650000000000001,219.92190666756386
0.1066,228.09142224250246
0.1067,222.94568858088573
0.1068,211.78209463028622
0.10690000000000001,213.23897489843637
0.10700000000000001,199.0459247045796
0.1071,190.87006186203504
0.1072,184.33718279183844
0.1073,176.58517203407865
0.10740000000000001,151.6383653696309
0.1075,140.51533844490427
0.1076,124.19677323877653
0.1077,117.20342546252786
0.1078,98.08305292946149
0.10790000000000001,78.08492394604649
0.108,53.59356636718721
0.1081,41.665638290935995
0.1082,27.875971848747433
0.10830000000000001,7.2884859498956835
0.10840000000000001,-9.259611820414591
0.1085,-28.74219593537602
0.1086,-50.559845204467706
0.1087,-68.58849744151051
0.10880000000000001,-84.59849386367125
0.10890000000000001,-100.90192939192566
0.109,-120.95840777203003
0.1091,-137.2328436657901
0.1092,-142.9702723215513
0.10930000000000001,-155.5262973633986
0.10940000000000001,-179.65529165754177
0.1095,-182.33817730403806
0.1096,-198.18624108241016
0.1097,-206.0231637703241
0.10980000000000001,-205.349443681955
0.10990000000000001,-208.89523894222688
0.11,-221.03440432766303
0.1101,-242.38686917777628
0.1102,-231.30425451356095
0.11030000000000001,-231.28433853103408
0.11040000000000001,-236.75819189938215
0.1105,-243.47053666801634
0.1106,-258.67139440899706
0.1107,-249.79109900955788
0.11080000000000001,-259.3382257620111
0.1109,-253.77052938303365
0.111,-265.4734680376158
0.1111,-252.896054578695
0.11120000000000001,-277.3671617394514
0.11130000000000001,-272.8200075924523
0.1114,-276.7087080053351
0.1115,-286.8987186547699
0.1116,-285.63120934879976
0.11170000000000001,-289.5110274440688
0.11180000000000001,-294.60210033649264
0.1119,-301.0270926977892
0.112,-293.5825621936444
0.1121,-305.8011736799966
0.11220000000000001,-311.799159225762
0.11230000000000001,-306.72418217178074
0.1124,-301.7300892861995
0.1125,-308.81205475500644
0.1126,-311.93303072435475
0.11270000000000001,-307.33392242671806
0.11280000000000001,-309.7027162616909
0.1129,-303.32911380426845
0.113,-295.7474879115969
0.1131,-294.3599649587578
0.11320000000000001,-292.51982670837145
0.11330000000000001,-290.23809955425816
0.1134,-285.50215591288065
0.1135,-288.6098842615079
0.1136,-286.77040383762164
0.11370000000000001,-280.68832809583995
0.11380000000000001,-271.28627877078776
0.1139,-271.1213325289972
0.114,-266.463952730914
0.11410000000000001,-254.43668655767843
0.11420000000000001,-250.18448811498152
0.1143,-255.47861341847906
0.1144,-247.36302729355637
0.1145,-250.91839273135577
0.11460000000000001,-236.5249242060336
0.11470000000000001,-226.35835250937345
0.1148,-235.44732571098893
0.1149,-230.44029335625828
0.115,-216.17852478319446
0.11510000000000001,-212.7567357390583
0.11520000000000001,-214.74693562567782
0.1153,-205.79881603917136
0.1154,-198.3690576720035
0.1155,-178.3294340258419
0.11560000000000001,-174.97848790451124
0.11570000000000001,-159.7815677687385
0.1158,-152.62511171195897
0.1159,-128.5843932428555
0.116,-112.35022387376347
0.11610000000000001,-102.89608873266891
0.11620000000000001,-84.28069018715698
0.1163,-70.0543214979454
0.1164,-44.694052495654674
0.1165,-32.315866869807145
0.11660000000000001,-11.102794183776496
0.11670000000000001,10.906895791692117
0.1168,24.306184039305677
0.1169,40.267416565661655
0.117,65.15010469165884
0.11710000000000001,78.5570975410016
0.11720000000000001,103.5254355633987
0.1173,114.49245383142973
0.1174,133.5928779587472
0.11750000000000001,147.20422152010747
0.11760000000000001,155.27204497587812
0.1177,169.35667058098431
0.1178,177.04664677142654
0.1179,194.67718929894562
0.11800000000000001,195.73369598179647
0.11810000000000001,198.83170082776456
0.1182,215.41922995076814
0.1183,217.128865385603
0.1184,227.72510424737357
0.11850000000000001,227.37908755569612
0.11860000000000001,235.9409457294458
0.1187,242.01814449364397
0.1188,242.92043428599354
0.1189,247.83710340725688
0.11900000000000001,255.18582640946997
0.11910000000000001,255.25317401568185
0.1192,263.1154828934335
0.1193,259.0474761321328
0.1194,261.5774484307124
0.11950000000000001,267.3759540885626
0.11960000000000001,268.9485030260414
0.1197,279.88970620520297
0.1198,268.8551991017089
0.1199,285.2704044631339
0.12000000000000001,288.28708133388227
0.12010000000000001,293.61515755610145
0.1202,295.8025640821764
0.1203,291.651243922381
0.12040000000000001,300.6954293783961
0.12050000000000001,313.08830942057034
0.1206,307.7887289279892
0.1207,312.61817105664915
0.1208,307.31562738120175
0.12090000000000001,307.1868210646118
0.12100000000000001,308.3193437264935
0.1211,302.98926908278446
0.1212,306.05945937882655
0.1213,303.9065624726403
0.12140000000000001,298.15092143413443
0.12150000000000001,291.7368794070333
0.1216,299.4348265144645
0.1217,287.5168997020766
0.1218,284.52764974127035
0.12190000000000001,279.8827221758471
0.12200000000000001,276.8601252967399
0.1221,267.7004336933225
0.1222,274.2180777226958
0.1223,258.65734050223796
0.12240000000000001,267.35311910165166
0.12250000000000001,258.43130647149485
0.1226,253.61804555918695
0.1227,253.5815383803447
0.1228,249.2586374781892
0.12290000000000001,244.51161825451499
0.12300000000000001,239.56405225630948
0.1231,229.40447769160795
0.1232,226.83992625560697
0.1233,224.84059520829018
0.12340000000000001,220.5788491540561
0.12350000000000001,204.36353598700265
0.1236,195.68654720880184
0.1237,189.2340260117967
0.12380000000000001,176.64866281865577
0.12390000000000001,174.2998948485163
0.124,163.99919270089077
0.1241,152.5683393233206
0.1242,143.96015968375593
0.12430000000000001,132.06901482564868
0.12440000000000001,108.37246881217506
0.1245,92.87702857906613
0.1246,71.96924868318641
0.1247,53.13688109474881
0.12480000000000001,31.832383608293842
0.12490000000000001,6.748960502988185
0.125,0.20108428489803373
0.12510000000000002,-15.563689425499618
0.1252,-26.58695448636351
0.1253,-60.60791283757127
0.1254,-82.6461757017191
0.1255,-91.70063507113082
0.12560000000000002,-104.39925319608274
0.1257,-131.43165157757323
0.1258,-139.93389052635504
0.1259,-142.2746185000716
0.126,-159.97913212617837
0.12610000000000002,-167.25338753041228
0.1262,-188.6137146312194
0.1263,-186.26332826794194
0.1264,-200.5265629703917
0.1265,-201.62934429150917
0.12660000000000002,-228.27256080882034
0.1267,-224.20204002708863
0.1268,-240.44980307552788
0.1269,-229.921328600376
0.127,-240.06518148652526
0.12710000000000002,-239.8860437809461
0.1272,-246.22370621713557
0.1273,-236.99756332530495
0.1274,-259.10910985579136
0.1275,-257.76664210198084
0.12760000000000002,-267.5934591020585
0.1277,-271.8060001007822
0.1278,-267.4658530888025
0.1279,-275.8538385717614
0.128,-274.781794432379
0.12810000000000002,-276.8574164255235
0.1282,-291.88031290135143
0.1283,-295.0667734321836
0.12840000000000001,-289.71619566691885
0.1285,-300.86165795879026
0.12860000000000002,-298.32494219513643
0.1287,-310.48033358701275
0.1288,-311.92182816814807
0.12890000000000001,-308.47572270871245
0.129,-303.23861794800393
0.1291,-317.216364365513
0.1292,-315.1392432538091
0.1293,-314.56642674050164
0.12940000000000002,-307.22456666716664
0.1295,-305.7465155087637
0.1296,-296.58122753106835
0.1297,-312.0972855419962
0.1298,-296.4615085849504
0.12990000000000002,-295.64768895215957
0.13,-292.06849137643485
0.1301,-285.51794739042145
0.1302,-281.39939695148627
0.1303,-285.1143699187706
0.13040000000000002,-273.5757350041623
0.1305,-279.2316805393261
0.1306,-266.51278537077735
0.1307,-265.13323062442214
0.1308,-257.076023800989
0.13090000000000002,-256.9267627373471
0.131,-254.74673297323488
0.1311,-251.36126550646685
0.1312,-245.35197701375364
0.1313,-237.70741217004846
0.13140000000000002,-229.24587570390574
0.1315,-232.83117000006737
0.1316,-231.44164759376307
0.1317,-221.01239797410642
0.1318,-218.9949694806764
0.13190000000000002,-208.55363359595444
0.132,-196.01718003800482
0.1321,-195.05706483259615
0.1322,-183.44845119068003
0.1323,-181.17237497747305
0.13240000000000002,-160.4372493087255
0.1325,-141.77705413533485
0.1326,-120.14631081587284
0.1327,-104.03698193870596
0.1328,-88.67988774269655
0.13290000000000002,-68.72927836012711
0.133,-59.53780798746498
0.1331,-34.47221571885465
0.1332,-35.69278988077364
0.1333,-7.084123129450555
0.13340000000000002,16.185427497845815
0.1335,27.519039750662618
0.1336,47.601810146632594
0.1337,66.45554999251074
0.1338,89.94916638284568
0.13390000000000002,104.76896062471907
0.134,124.66927949061203
0.1341,130.42834459734826
0.1342,149.64731645428498
0.1343,156.70324995770642
0.13440000000000002,175.1948902215906
0.1345,175.03005523855072
0.1346,193.94937722396529
0.13470000000000001,198.06275745019505
0.1348,219.11591108490464
0.13490000000000002,206.96373608918486
0.135,215.8036959310716
0.1351,218.65696315722198
0.13520000000000001,236.1759674956725
0.1353,228.61512584299348
0.13540000000000002,238.81916904826653
0.1355,256.1101089099994
0.1356,239.42080157650528
0.13570000000000002,245.09572415246095
0.1358,261.50606387810177
0.1359,259.5647051855808
0.136,259.7286256186782
0.1361,262.2125293307812
0.13620000000000002,264.2611985499177
0.1363,274.51797875439496
0.1364,272.6968202137035
0.1365,285.97930564128853
0.1366,295.24794442996995
0.13670000000000002,288.2892872047178
0.1368,297.64491799152273
0.1369,299.7151425343106
0.137,293.931188563358
0.1371,308.15390947702997
0.13720000000000002,301.98979601912276
0.1373,315.36321572012
0.1374,301.534466290184
0.1375,312.3803905681872
0.1376,304.464770697189
0.13770000000000002,302.2671445698944
0.1378,309.47367817407866
0.1379,306.75960011882665
0.138,311.4108621556028
0.1381,298.1247213327615
0.13820000000000002,296.4040055889587
0.1383,289.6968983554597
0.1384,296.48894981840965
0.1385,286.5296424831866
0.1386,281.7836384766997
0.13870000000000002,267.1038862551824
0.1388,274.91297022660797
0.1389,262.68162677763894
0.139,253.09328228431707
0.1391,257.84494350443373
0.13920000000000002,254.6557756135488
0.1393,247.09050925218972
0.1394,246.8098341676937
0.1395,246.58327760089168
0.1396,245.97388622915076
0.13970000000000002,247.2558390503791
0.1398,233.83889089790986
0.1399,231.28718567650407
0.14,225.16769573307502
0.1401,225.17842254805083
0.14020000000000002,219.45352082553177
0.1403,203.6213585746023
0.1404,197.65864716170873
0.1405,191.289527241344
0.1406,172.10430721860854
0.14070000000000002,162.16839278300066
0.1408,137.5936720038676
0.1409,136.8136938385123
0.14100000000000001,111.97796697321148
0.1411,106.70407205950349
0.14120000000000002,82.40486134600003
0.1413,69.73090399157971
0.1414,51.818309526612886
0.14150000000000001,30.76344361457222
0.1416,15.164297068420051
0.14170000000000002,-4.616794756553874
0.1418,-33.14738747751387
0.1419,-32.48966029869207
0.14200000000000002,-71.55364674002308
0.1421,-72.09322717206331
0.1422,-101.73620129885057
0.1423,-113.11314908802528
0.1424,-125.65048481209776
0.14250000000000002,-149.20037725131849
0.1426,-158.3240695968263
0.1427,-174.85122715153165
0.1428,-180.53590094527667
0.1429,-187.1554785133881
0.14300000000000002,-203.20127631587553
0.1431,-210.77733637531864
0.1432,-211.5163085276374
0.1433,-226.31591005161886
0.1434,-232.71190593132326
0.14350000000000002,-231.32590893626195
0.1436,-233.7256038356409
0.1437,-246.8591535569394
0.1438,-247.40867011275117
0.1439,-242.32592662146445
0.14400000000000002,-255.98602671150894
0.1441,-254.8382586347785
0.1442,-250.27976940354458
0.1443,-262.4159593207035
0.1444,-261.74556100283064
0.14450000000000002,-258.9823020378116
0.1446,-281.1909984224339
0.1447,-276.14662687920554
0.1448,-274.57727293336814
0.1449,-283.95692300519437
0.14500000000000002,-291.5719222503422
0.1451,-307.3403444849098
0.1452,-291.0384448481893
0.1453,-299.36765801448956
0.1454,-305.00251693192354
0.14550000000000002,-300.2951564849195
0.1456,-313.54083287756123
0.1457,-304.6817220093728
0.1458,-299.4109361559206
0.1459,-314.15302904033683
0.14600000000000002,-306.8806881545181
0.1461,-313.337742267895
0.1462,-307.6147109502688
0.1463,-302.07791393514907
0.1464,-303.5057531859404
0.14650000000000002,-289.90316434189754
0.1466,-286.6003207709156
0.1467,-293.3756363419382
0.1468,-279.23549393612694
0.1469,-275.49681425839736
0.14700000000000002,-276.7522029403896
0.1471,-270.2138182076743
0.1472,-275.3572112769496
0.14730000000000001,-260.28830804051086
0.1474,-258.5666705836538
0.14750000000000002,-250.6956358368923
0.1476,-248.9859256065888
0.1477,-247.44732827685047
0.14780000000000001,-241.18429118994115
0.1479,-248.82437282859388
0.14800000000000002,-243.55022861972387
0.1481,-241.69296960256878
0.1482,-227.21617357721237
0.14830000000000002,-224.3486474641921
0.1484,-228.06114042207443
0.14850000000000002,-216.90204299761422
0.1486,-209.2680433102275
0.1487,-187.69763931959204
0.14880000000000002,-184.11149574098158
0.1489,-177.61843550672612
0.149,-165.45984576622553
0.1491,-152.52920473767048
0.1492,-139.5909950412105
0.14930000000000002,-110.35601369902446
0.1494,-108.66208960404198
0.1495,-86.47480831659458
0.1496,-83.37206997218303
0.1497,-52.469744007002696
0.14980000000000002,-36.724951991241
0.1499,-20.173579829707737
0.15,2.008940567385674
0.1501,19.86817600949241
0.1502,39.08201086337339
0.15030000000000002,61.4030785704697
0.1504,67.21037181990982
0.1505,93.37562889777558
0.1506,106.85123195530237
0.1507,126.16098613379252
0.15080000000000002,139.25442101137605
0.1509,146.1084984229392
0.151,159.5954153413136
0.1511,175.06186075899333
0.1512,178.03942158901015
0.15130000000000002,199.32998592957313
0.1514,203.55002117062256
0.1515,218.91543874663589
0.1516,217.5524301669674
0.1517,225.8806448010125
0.15180000000000002,227.29333118941338
0.1519,227.26796120720138
0.152,236.0124391912261
0.1521,242.63276456411575
0.1522,238.3668332914724
0.15230000000000002,245.46397202029468
0.1524,251.83314956815846
0.1525,252.87931693283863
0.1526,263.2899457763855
0.1527,265.7479923829177
0.15280000000000002,260.99664144504254
0.1529,270.6888211948432
0.153,275.2275378721888
0.1531,280.8131399964149
0.1532,292.3166709737244
0.15330000000000002,290.44820274944317
0.1534,294.61737251664334
0.1535,297.9714403811372
0.15360000000000001,299.73984756690174
0.1537,296.9944428236385
0.15380000000000002,301.975426902665
0.1539,302.78464619082877
0.154,299.27660094093585
0.15410000000000001,307.76239080854367
0.1542,311.7719334947047
0.15430000000000002,301.8754409770587
0.1544,301.7733365985634
0.1545,305.8106370730881
0.15460000000000002,306.37352244308823
0.1547,300.5442414598927
0.15480000000000002,301.9156920464621
0.1549,300.2195644177481
0.155,289.166765337965
0.15510000000000002,286.4021246269206
0.1552,279.3219267194455
0.1553,270.7755567470604
0.1554,275.9165125730334
0.1555,266.0772634467343
0.15560000000000002,263.52826071714674
0.1557,258.63534323627937
0.1558,261.92977038674974
0.1559,252.30989361660315
0.156,262.61925134145014
0.15610000000000002,246.17952462588408
0.1562,245.75281292075744
0.1563,229.38097469026505
0.1564,240.78550777679175
0.1565,234.52968355928394
0.15660000000000002,218.61522329720154
0.1567,216.93591018148675
0.1568,204.49809264026027
0.1569,208.8336690811269
0.157,205.2786758317195
0.15710000000000002,186.71683286387244
0.1572,178.09377168719038
0.1573,162.9995441415239
0.1574,160.93789692100694
0.1575,132.41302623199738
0.15760000000000002,135.80547841935214
0.1577,119.32860935690748
0.1578,98.90703621430094
0.1579,75.801522884123
0.158,65.32425772374724
0.15810000000000002,39.89470024612855
0.1582,20.012429328331443
0.1583,3.3379450066256457
0.1584,-18.878689271946374
0.1585,-32.45262118441345
0.15860000000000002,-48.43359392338207
0.1587,-65.0812903122055
0.1588,-80.61895447744806
0.1589,-97.82921740016624
0.159,-116.64053476651661
0.15910000000000002,-124.70255298981266
0.1592,-149.02850101196498
0.1593,-152.07536077708357
0.15940000000000001,-168.86757683199545
0.1595,-182.74736990575047
0.15960000000000002,-190.92098995450425
0.1597,-205.4969760650929
0.1598,-204.9080674992985
0.15990000000000001,-219.6421432995769
0.16,-234.13365384523496
0.16010000000000002,-234.89904498121737
0.1602,-228.72307513982693
0.1603,-234.21786019124903
0.16040000000000001,-236.44443390717316
0.1605,-246.24662651956672
0.16060000000000002,-257.854326873297
0.1607,-249.1880639852691
0.1608,-262.6118117296598
0.16090000000000002,-267.4944920321398
0.161,-255.00373410583876
0.16110000000000002,-266.0536470556822
0.1612,-286.15999407109643
0.1613,-280.16702457593937
0.16140000000000002,-279.5043384824536
0.1615,-288.6846677122673
0.16160000000000002,-284.4073570620965
0.1617,-288.4493673971577
0.1618,-295.4409935501304
0.16190000000000002,-299.63563001433073
0.162,-305.5336741494897
0.1621,-304.47095459404215
0.1622,-306.5411643077553
0.1623,-306.5771421092219
0.16240000000000002,-312.71571433713984
0.1625,-314.86139531793935
0.1626,-308.23949860566853
0.1627,-303.3209570595718
0.1628,-303.81025611529736
0.16290000000000002,-307.74771821838044
0.163,-302.9371552719373
0.1631,-289.77271393752454
0.1632,-294.09435540261416
0.1633,-305.3929462464956
0.16340000000000002,-284.121616505423
0.1635,-279.09460171623533
0.1636,-269.6245567991378
0.1637,-276.45101876125347
0.1638,-268.86973484527863
0.16390000000000002,-268.3559856680944
0.164,-268.3492018905315
0.1641,-258.81598132214117
0.1642,-246.95090863756892
0.1643,-239.7417249549564
0.16440000000000002,-250.15920907120815
0.1645,-241.68041781953235
0.1646,-241.15184884412284
0.1647,-238.18574060585675
0.1648,-235.55128990912203
0.16490000000000002,-223.00485392351314
0.165,-224.6737957500142
0.1651,-221.68660053229894
0.1652,-205.48255843917624
0.1653,-204.78331561025217
0.16540000000000002,-197.8059468827562
0.1655,-176.9911695513499
0.1656,-168.2547519840144
0.16570000000000001,-157.42810687911626
0.1658,-141.6061125964191
0.16590000000000002,-127.88608375872381
0.166,-115.75120152169066
0.1661,-97.2480736200667
0.16620000000000001,-88.52602079222115
0.1663,-76.06263105866675
0.16640000000000002,-60.86201688587602
0.1665,-24.91727741099882
0.1666,-6.558214735875024
0.16670000000000001,-0.4623997209894144
0.1668,39.89391817727285
0.16690000000000002,48.053834183140154
0.167,62.65384093320832
0.1671,72.11176314410132
0.16720000000000002,94.37227531588127
0.1673,116.51819864173336
0.16740000000000002,133.10563834210663
0.1675,146.74277420355696
0.1676,154.1172728701186
0.16770000000000002,165.10761327944843
0.1678,179.0439037153709
0.16790000000000002,185.53666138723176
0.168,206.88924863276898
0.1681,210.62940406814994
0.16820000000000002,210.9668982325085
0.1683,213.32277108046335
0.16840000000000002,225.33659162030196
0.1685,227.00020140717146
0.1686,234.36600801819407
0.16870000000000002,241.10939798433827
0.1688,243.2018870969252
0.1689,243.0502150773342
0.169,251.73811229901472
0.1691,259.598615040658
0.16920000000000002,264.7075385175862
0.1693,260.1696291050154
0.1694,272.37864136229433
0.1695,267.8620394239717
0.1696,271.8153744346832
0.16970000000000002,277.2760897707762
0.1698,285.102183727877
0.1699,286.1354268647976
0.17,296.7064596248678
0.1701,289.96203540422636
0.17020000000000002,297.6921763203469
0.1703,302.58700352753783
0.1704,300.82225297315114
0.1705,305.198335825182
0.1706,297.28464772501
0.17070000000000002,306.46927509154335
0.1708,309.1168408446717
0.1709,314.8190448238137
0.171,305.0270137180917
0.1711,312.7118475932047
0.17120000000000002,309.04731437321425
0.1713,309.5314133602689
0.1714,301.1344555181938
0.1715,297.98938506284776
0.1716,294.2115176319332
0.17170000000000002,285.26493331657576
0.1718,284.01341530028924
0.1719,279.47188004938937
0.17200000000000001,287.17437597560917
0.1721,270.3619068288135
0.17220000000000002,268.8500220128725
0.1723,261.52193099724326
0.1724,260.47141171428717
0.17250000000000001,255.25064845355786
0.1726,251.4029682852367
0.17270000000000002,258.7432298804085
0.1728,238.4479774299366
0.1729,247.92416018279454
0.17300000000000001,236.0811530919304
0.1731,231.4582394666153
0.17320000000000002,225.52796292386623
0.1733,230.60618202505185
0.1734,218.30405341252072
0.17350000000000002,213.35205023179458
0.1736,202.1577596442455
0.17370000000000002,195.29055652324783
0.1738,186.3365740594475
0.1739,178.6830832899623
0.17400000000000002,169.32332101113403
0.1741,145.60601757261304
0.17420000000000002,137.6580439068699
0.1743,119.43768856024421
0.1744,100.1439773858152
0.17450000000000002,96.27921696793959
0.1746,74.68701400703004
0.17470000000000002,62.482860859845154
0.1748,28.156281974684873
0.1749,21.37261000249096
0.17500000000000002,9.493757766463224
0.1751,-16.006344168128294
0.1752,-30.86499946540831
0.1753,-56.93837654669014
0.1754,-75.04481212861971
0.17550000000000002,-92.29976694896743
0.1756,-108.93175361069163
0.1757,-113.72070513440596
0.1758,-142.6134554485569
0.1759,-149.78419310039789
0.17600000000000002,-165.2703636147129
0.1761,-171.02800671182428
0.1762,-185.27234407705836
0.1763,-192.72841309956985
0.1764,-204.61319291119364
0.17650000000000002,-207.84639024167808
0.1766,-220.30449614350047
0.1767,-228.7198169195382
0.1768,-230.7423053869177
0.1769,-237.91042307820337
0.17700000000000002,-238.75789840538923
0.1771,-234.1515421091343
0.1772,-245.82938297392258
0.1773,-245.60254388089794
0.1774,-246.83762153621544
0.17750000000000002,-254.81257345179668
0.1776,-263.29036539529494
0.1777,-266.32518730726576
0.1778,-268.8280818699385
0.1779,-271.28594437321755
0.17800000000000002,-275.61763122563434
0.1781,-283.57348613843476
0.1782,-285.7961508121915
0.17830000000000001,-294.6637748589867
0.1784,-295.03777015113417
0.17850000000000002,-297.5451737470085
0.1786,-288.9477286549418
0.1787,-304.4751439255
0.17880000000000001,-303.1539149928963
0.1789,-306.16764872512823
0.17900000000000002,-306.72772808230724
0.1791,-311.40952989312404
0.1792,-308.4562472760647
0.17930000000000001,-312.20477994863126
0.1794,-305.17883197566135
0.17950000000000002,-306.3010787178192
0.1796,-299.4796191488925
0.1797,-294.6208369406427
0.17980000000000002,-295.66335807271724
0.1799,-286.71985867266454
0.18000000000000002,-285.7329309747251
0.1801,-284.1281282956218
0.1802,-282.3154214699854
0.18030000000000002,-280.92521354624546
0.1804,-270.85511646050105
0.18050000000000002,-266.8687101970232
0.1806,-263.2931185789153
0.1807,-259.6147979404967
0.18080000000000002,-260.7972240949991
0.1809,-250.8715908235577
0.18100000000000002,-260.9141569471759
0.1811,-250.6127242053989
0.1812,-245.01141200814405
0.18130000000000002,-244.75316674708222
0.1814,-238.71638328828078
0.18150000000000002,-231.18298110095859
0.1816,-221.6174836727199
0.1817,-228.87280349839716
0.18180000000000002,-210.11150949460819
0.1819,-214.70496451630802
0.182,-194.50744957215773
0.1821,-185.3573754164647
0.1822,-183.13540540690923
0.18230000000000002,-169.39737047818713
0.1824,-162.22597523370612
0.1825,-139.12098999370122
0.1826,-138.95632706274495
0.1827,-113.29527849169075
0.18280000000000002,-90.37432767396206
0.1829,-81.51150177916249
0.183,-54.515314529436004
0.1831,-46.016842227764094
0.1832,-25.298631427009937
0.18330000000000002,-13.72646236431368
0.1834,13.103112978877954
0.1835,24.976584376144253
0.1836,43.028745482329334
0.1837,69.26401938104185
0.18380000000000002,90.68515766313742
0.1839,103.30786323312992
0.184,118.56913513203139
0.1841,134.06401821692572
0.1842,144.16861174677962
0.18430000000000002,164.47052069516906
0.1844,180.9231929070162
0.1845,185.69660412529535
0.18460000000000001,188.63750541437082
0.1847,207.77664302672818
0.18480000000000002,204.1400677108123
0.1849,214.07371109582013
0.185,214.24662833846872
0.18510000000000001,219.3545839671207
0.1852,233.85727356802514
0.18530000000000002,241.70478009683788
0.1854,246.72222373879617
0.1855,243.3162993005108
0.18560000000000001,243.5478168932469
0.1857,253.81425148318124
0.18580000000000002,256.02579239817373
0.1859,259.6933731285902
0.186,265.544287238231
0.18610000000000002,270.53151666995
0.1862,272.66225300139183
0.18630000000000002,286.4503616172588
0.1864,279.93626073412577
0.1865,277.4122327532541
0.18660000000000002,282.6360002148806
0.1867,289.3040207784004
0.18680000000000002,290.367783398814
0.1869,299.633708068847
0.187,306.4404019874455
0.18710000000000002,304.8815885134842
0.1872,308.31843631303155
0.18730000000000002,315.35104766827214
0.1874,308.25143948293197
0.1875,305.89957548829716
0.18760000000000002,306.3443601903542
0.1877,301.06938762144614
0.18780000000000002,294.85215410381227
0.1879,306.46086513076733
0.188,293.487299253531
0.18810000000000002,300.8119579689627
0.1882,284.97950665840835
0.1883,292.6515793344013
0.1884,287.7602694744673
0.1885,284.6045027532872
0.18860000000000002,283.9640967768931
0.1887,268.1145730471118
0.1888,271.1423947509869
0.1889,266.1503648778769
0.189,258.0238974793496
0.18910000000000002,267.74637453969507
0.1892,264.4753321641704
0.1893,255.27861972247274
0.1894,243.65305077896403
0.1895,241.6441207535951
0.18960000000000002,240.45004265523454
0.1897,238.3832729556626
0.1898,235.90719578477902
0.1899,228.35974408052064
0.19,218.1908097774855
0.19010000000000002,209.89903316102314
0.1902,205.10197472438952
0.1903,206.24665400577507
0.1904,193.4578656067514
0.1905,179.50255848458875
0.19060000000000002,176.2935994368924
0.1907,155.68412752329172
0.1908,142.83409621501704
0.19090000000000001,138.80733879396988
0.191,121.60408250799675
0.19110000000000002,100.54102385600018
0.1912,89.46771219304951
0.1913,68.06577245171073
0.19140000000000001,56.29270292679791
0.1915,37.97169383589761
0.19160000000000002,10.907545245729857
0.1917,-11.737812365999599
0.1918,-27.572723941423536
0.19190000000000002,-41.000887216427365
0.192,-64.20889693257331
0.19210000000000002,-80.54329715662665
0.1922,-92.29094334209817
0.1923,-106.73866142795445
0.19240000000000002,-123.10378207144443
0.1925,-138.98812054315044
0.19260000000000002,-154.90187764751894
0.1927,-175.05901070943275
0.1928,-182.43269640817488
0.19290000000000002,-188.9501029741228
0.193,-203.5817157357585
0.19310000000000002,-201.01757547060902
0.1932,-221.91813364766227
0.1933,-219.24447086966737
0.19340000000000002,-232.806431656749
0.1935,-230.93704154278603
0.19360000000000002,-238.8620290657734
0.1937,-238.0319179309472
0.1938,-240.43107238985507
0.19390000000000002,-253.3067935734395
0.194,-244.58377679875002
0.19410000000000002,-258.93180617346786
0.1942,-258.3040683022562
0.1943,-258.06148308190416
0.19440000000000002,-271.6102557629009
0.1945,-270.68782876713306
0.19460000000000002,-275.89919183213846
0.1947,-277.54272884807364
0.1948,-282.8806933832961
0.19490000000000002,-279.3470257361992
0.195,-289.77992615515507
0.1951,-292.6220019702304
0.1952,-297.6658893050344
0.1953,-301.41017149764605
0.19540000000000002,-307.8889480074031
0.1955,-296.33417018967407
0.1956,-314.0991427841781
0.1957,-309.97436660494185
0.1958,-303.049225199402
0.19590000000000002,-316.6437147041928
0.196,-296.34670789706644
0.1961,-305.431970748152
0.1962,-304.66356841362085
0.1963,-308.6674006759792
0.19640000000000002,-304.1526018505584
0.1965,-305.86284059901965
0.1966,-295.5663735647849
0.1967,-284.8932014582212
0.1968,-283.6050674459959
0.19690000000000002,-275.8173661237199
0.197,-271.38546072802296
0.1971,-272.9678431246579
0.19720000000000001,-269.2645837315046
0.1973,-265.21745279340166
0.19740000000000002,-267.31246655905676
0.1975,-252.6992576474638
0.1976,-252.80146172932342
0.19770000000000001,-257.08920479961466
0.1978,-240.62081553772578
0.19790000000000002,-242.39858934310973
0.198,-255.32183987280385
0.1981,-226.27469979071057
0.19820000000000002,-228.59935472837608
0.1983,-215.2078445357038
0.19840000000000002,-212.34472757891277
0.1985,-218.31697544340892
0.1986,-205.36491913517042
0.19870000000000002,-198.56375255950223
0.1988,-178.76291856786415
0.19890000000000002,-179.48111392757374
0.199,-170.90200456139218
0.1991,-152.8117816437718
0.19920000000000002,-136.08555699232556
0.1993,-124.23437011357206
0.19940000000000002,-110.89702566038505
0.1995,-92.74980563114435
0.1996,-85.7729474859297
0.19970000000000002,-57.877051956128
0.1998,-33.39991772968988
0.19990000000000002,-14.141181795307961
